secs_elapsed,interval_qps
1,66364
2,102675
3,138860
4,172911
5,206823
6,214718
7,284322
8,360507
9,417090
10,454316
11,477305
12,504179
13,508609
14,528506
15,515828
16,534694
17,518166
18,527856
19,515948
20,532447
21,497384
22,509669
23,439620
24,482920
25,497321
26,523650
27,426462
28,471944
29,487311
30,522302
31,488671
32,495032
33,491952
34,483638
35,498745
36,522328
37,508251
38,456048
39,480211
40,500651
41,490063
42,518616
43,496087
44,512209
45,503402
46,513094
47,507416
48,498162
49,504256
50,507160
51,523752
52,495446
53,501636
54,503316
55,513505
56,503384
57,516244
58,485062
59,519686
